"candidate_id","wave","family","kind","raw_candidate_file","mastered_candidate_file","duration_target_s","loop","provider_character_cost","technical_status","automated_flag","review_priority","rights_review","creative_fit","competitive_readability","in_engine_mix","adoption","reviewer","notes"
"mizuheri","legacy-sfx-090","ability","ability","assets-src/elevenlabs/raw/ability/mizuheri-v1.mp3","","1.6","","18","PASS (candidate-only)","","P1","pending","pending","pending","pending","candidate-only","",""
"sasou","legacy-sfx-090","ability","ability","assets-src/elevenlabs/raw/ability/sasou-v1.mp3","","1.6","","18","PASS (candidate-only)","","P1","pending","pending","pending","pending","candidate-only","",""
"shinkainogyoretsu","legacy-sfx-090","ability","ability","assets-src/elevenlabs/raw/ability/shinkainogyoretsu-v1.mp3","","2.8","","31","PASS (candidate-only)","","P1","pending","pending","pending","pending","candidate-only","",""
"tsuridama","legacy-sfx-090","ability","ability","assets-src/elevenlabs/raw/ability/tsuridama-v1.mp3","","1.6","","18","PASS (candidate-only)","","P1","pending","pending","pending","pending","candidate-only","",""
"ankou_lure_torpedo","legacy-sfx-090","weapon","weapon","assets-src/elevenlabs/raw/weapon/ankou_lure_torpedo-v1.mp3","","1.2","","13","PASS (candidate-only)","","P1","pending","pending","pending","pending","candidate-only","",""
"sarashibi","legacy-sfx-090","ability","ability","assets-src/elevenlabs/raw/ability/sarashibi-v1.mp3","","2.8","","31","PASS (candidate-only)","","P1","pending","pending","pending","pending","candidate-only","",""
"shirubeya","legacy-sfx-090","ability","ability","assets-src/elevenlabs/raw/ability/shirubeya-v1.mp3","","1.6","","18","PASS (candidate-only)","","P1","pending","pending","pending","pending","candidate-only","",""
"tensei","legacy-sfx-090","ability","ability","assets-src/elevenlabs/raw/ability/tensei-v1.mp3","","1.6","","18","PASS (candidate-only)","","P1","pending","pending","pending","pending","candidate-only","",""
"tsugiashi","legacy-sfx-090","ability","ability","assets-src/elevenlabs/raw/ability/tsugiashi-v1.mp3","","1.6","","18","PASS (candidate-only)","","P1","pending","pending","pending","pending","candidate-only","",""
"asagi_survey_rifle","legacy-sfx-090","weapon","weapon","assets-src/elevenlabs/raw/weapon/asagi_survey_rifle-v1.mp3","","1.2","","13","PASS (candidate-only)","","P1","pending","pending","pending","pending","candidate-only","",""
"chuzouheki","legacy-sfx-090","ability","ability","assets-src/elevenlabs/raw/ability/chuzouheki-v1.mp3","","1.6","","18","PASS (candidate-only)","","P1","pending","pending","pending","pending","candidate-only","",""
"daichukomi","legacy-sfx-090","ability","ability","assets-src/elevenlabs/raw/ability/daichukomi-v1.mp3","","2.8","","31","PASS (candidate-only)","","P1","pending","pending","pending","pending","candidate-only","",""
"rouke","legacy-sfx-090","ability","ability","assets-src/elevenlabs/raw/ability/rouke-v1.mp3","","1.6","","18","PASS (candidate-only)","","P1","pending","pending","pending","pending","candidate-only","",""
"youkaida","legacy-sfx-090","ability","ability","assets-src/elevenlabs/raw/ability/youkaida-v1.mp3","","1.6","","18","PASS (candidate-only)","","P1","pending","pending","pending","pending","candidate-only","",""
"baraga_forge_hammer","legacy-sfx-090","weapon","weapon","assets-src/elevenlabs/raw/weapon/baraga_forge_hammer-v1.mp3","","1.2","","13","PASS (candidate-only)","","P1","pending","pending","pending","pending","candidate-only","",""
"hanabiashi","legacy-sfx-090","ability","ability","assets-src/elevenlabs/raw/ability/hanabiashi-v1.mp3","","1.6","","18","PASS (candidate-only)","","P1","pending","pending","pending","pending","candidate-only","",""
"kaika","legacy-sfx-090","ability","ability","assets-src/elevenlabs/raw/ability/kaika-v1.mp3","","1.6","","18","PASS (candidate-only)","","P1","pending","pending","pending","pending","candidate-only","",""
"senrinzaki","legacy-sfx-090","ability","ability","assets-src/elevenlabs/raw/ability/senrinzaki-v1.mp3","","2.8","","31","PASS (candidate-only)","","P1","pending","pending","pending","pending","candidate-only","",""
"shikakehana","legacy-sfx-090","ability","ability","assets-src/elevenlabs/raw/ability/shikakehana-v1.mp3","","1.6","","18","PASS (candidate-only)","","P1","pending","pending","pending","pending","candidate-only","",""
"botan_bloom_cannon","legacy-sfx-090","weapon","weapon","assets-src/elevenlabs/raw/weapon/botan_bloom_cannon-v1.mp3","","1.2","","13","PASS (candidate-only)","","P1","pending","pending","pending","pending","candidate-only","",""
"hibariage","legacy-sfx-090","ability","ability","assets-src/elevenlabs/raw/ability/hibariage-v1.mp3","","1.6","","18","PASS (candidate-only)","","P1","pending","pending","pending","pending","candidate-only","",""
"kassho","legacy-sfx-090","ability","ability","assets-src/elevenlabs/raw/ability/kassho-v1.mp3","","1.6","","18","PASS (candidate-only)","","P1","pending","pending","pending","pending","candidate-only","",""
"wataribi","legacy-sfx-090","ability","ability","assets-src/elevenlabs/raw/ability/wataribi-v1.mp3","","1.6","","18","PASS (candidate-only)","","P1","pending","pending","pending","pending","candidate-only","",""
"watarinooohi","legacy-sfx-090","ability","ability","assets-src/elevenlabs/raw/ability/watarinooohi-v1.mp3","","2.8","","31","PASS (candidate-only)","","P1","pending","pending","pending","pending","candidate-only","",""
"hibari_spark_shot","legacy-sfx-090","weapon","weapon","assets-src/elevenlabs/raw/weapon/hibari_spark_shot-v1.mp3","","1.2","","13","PASS (candidate-only)","","P1","pending","pending","pending","pending","candidate-only","",""
"aburadama","legacy-sfx-090","ability","ability","assets-src/elevenlabs/raw/ability/aburadama-v1.mp3","","1.6","","18","PASS (candidate-only)","","P1","pending","pending","pending","pending","candidate-only","",""
"aburasuberi","legacy-sfx-090","ability","ability","assets-src/elevenlabs/raw/ability/aburasuberi-v1.mp3","","1.6","","18","PASS (candidate-only)","","P1","pending","pending","pending","pending","candidate-only","",""
"hibana","legacy-sfx-090","ability","ability","assets-src/elevenlabs/raw/ability/hibana-v1.mp3","","1.6","","18","PASS (candidate-only)","","P1","pending","pending","pending","pending","candidate-only","",""
"oohimatsuri","legacy-sfx-090","ability","ability","assets-src/elevenlabs/raw/ability/oohimatsuri-v1.mp3","","2.8","","31","PASS (candidate-only)","","P1","pending","pending","pending","pending","candidate-only","",""
"hokuchi_scattergun","legacy-sfx-090","weapon","weapon","assets-src/elevenlabs/raw/weapon/hokuchi_scattergun-v1.mp3","","1.2","","13","PASS (candidate-only)","","P1","pending","pending","pending","pending","candidate-only","",""
"kasasuberi","legacy-sfx-090","ability","ability","assets-src/elevenlabs/raw/ability/kasasuberi-v1.mp3","","1.6","","18","PASS (candidate-only)","","P1","pending","pending","pending","pending","candidate-only","",""
"kasauch","legacy-sfx-090","ability","ability","assets-src/elevenlabs/raw/ability/kasauch-v1.mp3","","1.6","","18","PASS (candidate-only)","","P1","pending","pending","pending","pending","candidate-only","",""
"senbonkasa","legacy-sfx-090","ability","ability","assets-src/elevenlabs/raw/ability/senbonkasa-v1.mp3","","2.8","","31","PASS (candidate-only)","","P1","pending","pending","pending","pending","candidate-only","",""
"ukenagashi","legacy-sfx-090","ability","ability","assets-src/elevenlabs/raw/ability/ukenagashi-v1.mp3","","1.6","","18","PASS (candidate-only)","","P1","pending","pending","pending","pending","candidate-only","",""
"karakasa_rib_scatter","legacy-sfx-090","weapon","weapon","assets-src/elevenlabs/raw/weapon/karakasa_rib_scatter-v1.mp3","","1.2","","13","PASS (candidate-only)","","P1","pending","pending","pending","pending","candidate-only","",""
"daiukenoootsuru","legacy-sfx-090","ability","ability","assets-src/elevenlabs/raw/ability/daiukenoootsuru-v1.mp3","","2.8","","31","PASS (candidate-only)","","P1","pending","pending","pending","pending","candidate-only","",""
"itamikaiho","legacy-sfx-090","ability","ability","assets-src/elevenlabs/raw/ability/itamikaiho-v1.mp3","","1.6","","18","PASS (candidate-only)","","P1","pending","pending","pending","pending","candidate-only","",""
"togebaraki","legacy-sfx-090","ability","ability","assets-src/elevenlabs/raw/ability/togebaraki-v1.mp3","","1.6","","18","PASS (candidate-only)","","P1","pending","pending","pending","pending","candidate-only","",""
"yadorizuru","legacy-sfx-090","ability","ability","assets-src/elevenlabs/raw/ability/yadorizuru-v1.mp3","","1.6","","18","PASS (candidate-only)","","P1","pending","pending","pending","pending","candidate-only","",""
"kazura_vine_beam","legacy-sfx-090","weapon","weapon","assets-src/elevenlabs/raw/weapon/kazura_vine_beam-v1.mp3","","0.8","","9","PASS (candidate-only)","","P1","pending","pending","pending","pending","candidate-only","",""
"chien","legacy-sfx-090","ability","ability","assets-src/elevenlabs/raw/ability/chien-v1.mp3","","1.6","","18","PASS (candidate-only)","","P1","pending","pending","pending","pending","candidate-only","",""
"hayamawashi","legacy-sfx-090","ability","ability","assets-src/elevenlabs/raw/ability/hayamawashi-v1.mp3","","1.6","","18","PASS (candidate-only)","","P1","pending","pending","pending","pending","candidate-only","",""
"kemurio","legacy-sfx-090","ability","ability","assets-src/elevenlabs/raw/ability/kemurio-v1.mp3","","1.6","","18","PASS (candidate-only)","","P1","pending","pending","pending","pending","candidate-only","",""
"uruudoki","legacy-sfx-090","ability","ability","assets-src/elevenlabs/raw/ability/uruudoki-v1.mp3","","2.8","","31","PASS (candidate-only)","","P1","pending","pending","pending","pending","candidate-only","",""
"koyomi_incense_burner","legacy-sfx-090","weapon","weapon","assets-src/elevenlabs/raw/weapon/koyomi_incense_burner-v1.mp3","","1.2","","13","PASS (candidate-only)","","P1","pending","pending","pending","pending","candidate-only","",""
"kagenui","legacy-sfx-090","ability","ability","assets-src/elevenlabs/raw/ability/kagenui-v1.mp3","","1.6","","18","PASS (candidate-only)","","P1","pending","pending","pending","pending","candidate-only","",""
"shotoucho","legacy-sfx-090","ability","ability","assets-src/elevenlabs/raw/ability/shotoucho-v1.mp3","","1.6","","18","PASS (candidate-only)","","P1","pending","pending","pending","pending","candidate-only","",""
"tobariwatari","legacy-sfx-090","ability","ability","assets-src/elevenlabs/raw/ability/tobariwatari-v1.mp3","","1.6","","18","PASS (candidate-only)","","P1","pending","pending","pending","pending","candidate-only","",""
"yoiyami","legacy-sfx-090","ability","ability","assets-src/elevenlabs/raw/ability/yoiyami-v1.mp3","","2.8","","31","PASS (candidate-only)","","P1","pending","pending","pending","pending","candidate-only","",""
"nuedori_twin_needles","legacy-sfx-090","weapon","weapon","assets-src/elevenlabs/raw/weapon/nuedori_twin_needles-v1.mp3","","1.2","","13","PASS (candidate-only)","","P1","pending","pending","pending","pending","candidate-only","",""
"katsugu","legacy-sfx-090","ability","ability","assets-src/elevenlabs/raw/ability/katsugu-v1.mp3","","1.6","","18","PASS (candidate-only)","","P1","pending","pending","pending","pending","candidate-only","",""
"sando","legacy-sfx-090","ability","ability","assets-src/elevenlabs/raw/ability/sando-v1.mp3","","2.8","","31","PASS (candidate-only)","","P1","pending","pending","pending","pending","candidate-only","",""
"sueru","legacy-sfx-090","ability","ability","assets-src/elevenlabs/raw/ability/sueru-v1.mp3","","1.6","","18","PASS (candidate-only)","","P1","pending","pending","pending","pending","candidate-only","",""
"yobimodoshi","legacy-sfx-090","ability","ability","assets-src/elevenlabs/raw/ability/yobimodoshi-v1.mp3","","1.6","","18","PASS (candidate-only)","","P1","pending","pending","pending","pending","candidate-only","",""
"sedora_pile_driver","legacy-sfx-090","weapon","weapon","assets-src/elevenlabs/raw/weapon/sedora_pile_driver-v1.mp3","","1.2","","13","PASS (candidate-only)","","P1","pending","pending","pending","pending","candidate-only","",""
"michi","legacy-sfx-090","ability","ability","assets-src/elevenlabs/raw/ability/michi-v1.mp3","","2.8","","31","PASS (candidate-only)","","P1","pending","pending","pending","pending","candidate-only","",""
"naminori","legacy-sfx-090","ability","ability","assets-src/elevenlabs/raw/ability/naminori-v1.mp3","","1.6","","18","PASS (candidate-only)","","P1","pending","pending","pending","pending","candidate-only","",""
"shiogaeshi","legacy-sfx-090","ability","ability","assets-src/elevenlabs/raw/ability/shiogaeshi-v1.mp3","","1.6","","18","PASS (candidate-only)","","P1","pending","pending","pending","pending","candidate-only","",""
"uneri","legacy-sfx-090","ability","ability","assets-src/elevenlabs/raw/ability/uneri-v1.mp3","","1.6","","18","PASS (candidate-only)","","P1","pending","pending","pending","pending","candidate-only","",""
"shiomaneki_water_bomb","legacy-sfx-090","weapon","weapon","assets-src/elevenlabs/raw/weapon/shiomaneki_water_bomb-v1.mp3","","1.2","","13","PASS (candidate-only)","","P1","pending","pending","pending","pending","candidate-only","",""
"chogen","legacy-sfx-090","ability","ability","assets-src/elevenlabs/raw/ability/chogen-v1.mp3","","1.6","","18","PASS (candidate-only)","","P1","pending","pending","pending","pending","candidate-only","",""
"daigasso","legacy-sfx-090","ability","ability","assets-src/elevenlabs/raw/ability/daigasso-v1.mp3","","2.8","","31","PASS (candidate-only)","","P1","pending","pending","pending","pending","candidate-only","",""
"hikiyose","legacy-sfx-090","ability","ability","assets-src/elevenlabs/raw/ability/hikiyose-v1.mp3","","1.6","","18","PASS (candidate-only)","","P1","pending","pending","pending","pending","candidate-only","",""
"waon","legacy-sfx-090","ability","ability","assets-src/elevenlabs/raw/ability/waon-v1.mp3","","1.6","","18","PASS (candidate-only)","","P1","pending","pending","pending","pending","candidate-only","",""
"shirabe_string_beam","legacy-sfx-090","weapon","weapon","assets-src/elevenlabs/raw/weapon/shirabe_string_beam-v1.mp3","","0.8","","9","PASS (candidate-only)","","P1","pending","pending","pending","pending","candidate-only","",""
"fukitoru","legacy-sfx-090","ability","ability","assets-src/elevenlabs/raw/ability/fukitoru-v1.mp3","","1.6","","18","PASS (candidate-only)","","P1","pending","pending","pending","pending","candidate-only","",""
"hakuro","legacy-sfx-090","ability","ability","assets-src/elevenlabs/raw/ability/hakuro-v1.mp3","","1.6","","18","PASS (candidate-only)","","P1","pending","pending","pending","pending","candidate-only","",""
"hakuyoku","legacy-sfx-090","ability","ability","assets-src/elevenlabs/raw/ability/hakuyoku-v1.mp3","","1.6","","18","PASS (candidate-only)","","P1","pending","pending","pending","pending","candidate-only","",""
"sumiwatari","legacy-sfx-090","ability","ability","assets-src/elevenlabs/raw/ability/sumiwatari-v1.mp3","","2.8","","31","PASS (candidate-only)","","P1","pending","pending","pending","pending","candidate-only","",""
"shirasagi_crystal_rifle","legacy-sfx-090","weapon","weapon","assets-src/elevenlabs/raw/weapon/shirasagi_crystal_rifle-v1.mp3","","1.2","","13","PASS (candidate-only)","","P1","pending","pending","pending","pending","candidate-only","",""
"muretsubame","legacy-sfx-090","ability","ability","assets-src/elevenlabs/raw/ability/muretsubame-v1.mp3","","2.8","","31","PASS (candidate-only)","","P1","pending","pending","pending","pending","candidate-only","",""
"tousan","legacy-sfx-090","ability","ability","assets-src/elevenlabs/raw/ability/tousan-v1.mp3","","1.6","","18","PASS (candidate-only)","","P1","pending","pending","pending","pending","candidate-only","",""
"tsubamegaeshi","legacy-sfx-090","ability","ability","assets-src/elevenlabs/raw/ability/tsubamegaeshi-v1.mp3","","1.6","","18","PASS (candidate-only)","","P1","pending","pending","pending","pending","candidate-only","",""
"yobibane","legacy-sfx-090","ability","ability","assets-src/elevenlabs/raw/ability/yobibane-v1.mp3","","1.6","","18","PASS (candidate-only)","","P1","pending","pending","pending","pending","candidate-only","",""
"tsubakuro_blade","legacy-sfx-090","weapon","weapon","assets-src/elevenlabs/raw/weapon/tsubakuro_blade-v1.mp3","","1.2","","13","PASS (candidate-only)","","P1","pending","pending","pending","pending","candidate-only","",""
"itokuri","legacy-sfx-090","ability","ability","assets-src/elevenlabs/raw/ability/itokuri-v1.mp3","","1.6","","18","PASS (candidate-only)","","P1","pending","pending","pending","pending","candidate-only","",""
"senbari","legacy-sfx-090","ability","ability","assets-src/elevenlabs/raw/ability/senbari-v1.mp3","","2.8","","31","PASS (candidate-only)","","P1","pending","pending","pending","pending","candidate-only","",""
"tokito","legacy-sfx-090","ability","ability","assets-src/elevenlabs/raw/ability/tokito-v1.mp3","","1.6","","18","PASS (candidate-only)","","P1","pending","pending","pending","pending","candidate-only","",""
"tsuzuriwatari","legacy-sfx-090","ability","ability","assets-src/elevenlabs/raw/ability/tsuzuriwatari-v1.mp3","","1.6","","18","PASS (candidate-only)","","P1","pending","pending","pending","pending","candidate-only","",""
"tsuzuri_light_needle","legacy-sfx-090","weapon","weapon","assets-src/elevenlabs/raw/weapon/tsuzuri_light_needle-v1.mp3","","1.2","","13","PASS (candidate-only)","","P1","pending","pending","pending","pending","candidate-only","",""
"byakuyatai","legacy-sfx-090","ability","ability","assets-src/elevenlabs/raw/ability/byakuyatai-v1.mp3","","2.8","","31","PASS (candidate-only)","","P1","pending","pending","pending","pending","candidate-only","",""
"henkoya","legacy-sfx-090","ability","ability","assets-src/elevenlabs/raw/ability/henkoya-v1.mp3","","1.6","","18","PASS (candidate-only)","","P1","pending","pending","pending","pending","candidate-only","",""
"kussetsusho","legacy-sfx-090","ability","ability","assets-src/elevenlabs/raw/ability/kussetsusho-v1.mp3","","1.6","","18","PASS (candidate-only)","","P1","pending","pending","pending","pending","candidate-only","",""
"ranhansha","legacy-sfx-090","ability","ability","assets-src/elevenlabs/raw/ability/ranhansha-v1.mp3","","1.6","","18","PASS (candidate-only)","","P1","pending","pending","pending","pending","candidate-only","",""
"vesta_pressure_cannon","legacy-sfx-090","weapon","weapon","assets-src/elevenlabs/raw/weapon/vesta_pressure_cannon-v1.mp3","","1.2","","13","PASS (candidate-only)","","P1","pending","pending","pending","pending","candidate-only","",""
"keiryukan","legacy-sfx-090","ability","ability","assets-src/elevenlabs/raw/ability/keiryukan-v1.mp3","","2.8","","31","PASS (candidate-only)","","P1","pending","pending","pending","pending","candidate-only","",""
"makimodoshi","legacy-sfx-090","ability","ability","assets-src/elevenlabs/raw/ability/makimodoshi-v1.mp3","","1.6","","18","PASS (candidate-only)","","P1","pending","pending","pending","pending","candidate-only","",""
"taguriyose","legacy-sfx-090","ability","ability","assets-src/elevenlabs/raw/ability/taguriyose-v1.mp3","","1.6","","18","PASS (candidate-only)","","P1","pending","pending","pending","pending","candidate-only","",""
"toubyou","legacy-sfx-090","ability","ability","assets-src/elevenlabs/raw/ability/toubyou-v1.mp3","","1.6","","18","PASS (candidate-only)","","P1","pending","pending","pending","pending","candidate-only","",""
"zairu_chain_spear","legacy-sfx-090","weapon","weapon","assets-src/elevenlabs/raw/weapon/zairu_chain_spear-v1.mp3","","1.2","","13","PASS (candidate-only)","","P1","pending","pending","pending","pending","candidate-only","",""
"smoke.music.oshioi.controlpoint.instrumental.v001","smoke-003","music","music","outputs/audio-factory-20260729/generated/music/oshioi-controlpoint-instrumental-v001.mp3","","12","","","PASS (candidate-only)","","P1","pending","pending","pending","pending","candidate-only","",""
"smoke.sfx.original-energy-rifle.v001","smoke-003","sound_effect","sound_effect","outputs/audio-factory-20260729/generated/sfx/original-energy-rifle-v001.mp3","","1.1","false","12","PASS (candidate-only)","","P2","pending","pending","pending","pending","candidate-only","",""
"smoke.voice.ja-objective-announcer.v001","smoke-003","text_to_speech","text_to_speech","outputs/audio-factory-20260729/generated/voices/ja-objective-announcer-v001.mp3","","","","13","PASS (candidate-only)","","P1","pending","pending","pending","pending","candidate-only","",""
"aaa.wave001.music.oshioi-main-menu.v001","aaa-wave-001","music","music","outputs/audio-factory-20260729/aaa-wave-001/generated/music/oshioi-main-menu-v001.mp3","outputs/audio-factory-20260729/aaa-wave-001/mastered/music/oshioi-main-menu-v001.mp3","24","","","PASS (candidate-only)","","P1","pending","pending","pending","pending","candidate-only","",""
"aaa.wave001.music.match-setup-briefing.v001","aaa-wave-001","music","music","outputs/audio-factory-20260729/aaa-wave-001/generated/music/match-setup-briefing-v001.mp3","outputs/audio-factory-20260729/aaa-wave-001/mastered/music/match-setup-briefing-v001.mp3","22","","","PASS (candidate-only)","","P1","pending","pending","pending","pending","candidate-only","",""
"aaa.wave001.music.controlpoint-neutral-tension.v001","aaa-wave-001","music","music","outputs/audio-factory-20260729/aaa-wave-001/generated/music/controlpoint-neutral-tension-v001.mp3","outputs/audio-factory-20260729/aaa-wave-001/mastered/music/controlpoint-neutral-tension-v001.mp3","26","","","PASS (candidate-only)","","P1","pending","pending","pending","pending","candidate-only","",""
"aaa.wave001.music.controlpoint-team0-push.v001","aaa-wave-001","music","music","outputs/audio-factory-20260729/aaa-wave-001/generated/music/controlpoint-team0-push-v001.mp3","outputs/audio-factory-20260729/aaa-wave-001/mastered/music/controlpoint-team0-push-v001.mp3","24","","","PASS (candidate-only)","","P1","pending","pending","pending","pending","candidate-only","",""
"aaa.wave001.music.controlpoint-team1-push.v001","aaa-wave-001","music","music","outputs/audio-factory-20260729/aaa-wave-001/generated/music/controlpoint-team1-push-v001.mp3","outputs/audio-factory-20260729/aaa-wave-001/mastered/music/controlpoint-team1-push-v001.mp3","24","","","PASS (candidate-only)","","P1","pending","pending","pending","pending","candidate-only","",""
"aaa.wave001.music.flashpoint-transition.v001","aaa-wave-001","music","music","outputs/audio-factory-20260729/aaa-wave-001/generated/music/flashpoint-transition-v001.mp3","outputs/audio-factory-20260729/aaa-wave-001/mastered/music/flashpoint-transition-v001.mp3","18","","","PASS (candidate-only)","","P1","pending","pending","pending","pending","candidate-only","",""
"aaa.wave001.music.sudden-death.v001","aaa-wave-001","music","music","outputs/audio-factory-20260729/aaa-wave-001/generated/music/sudden-death-v001.mp3","outputs/audio-factory-20260729/aaa-wave-001/mastered/music/sudden-death-v001.mp3","20","","","PASS (candidate-only)","","P1","pending","pending","pending","pending","candidate-only","",""
"aaa.wave001.music.victory-team0.v001","aaa-wave-001","music","music","outputs/audio-factory-20260729/aaa-wave-001/generated/music/victory-team0-v001.mp3","outputs/audio-factory-20260729/aaa-wave-001/mastered/music/victory-team0-v001.mp3","16","","","PASS (candidate-only)","","P1","pending","pending","pending","pending","candidate-only","",""
"aaa.wave001.music.defeat-refocus.v001","aaa-wave-001","music","music","outputs/audio-factory-20260729/aaa-wave-001/generated/music/defeat-refocus-v001.mp3","outputs/audio-factory-20260729/aaa-wave-001/mastered/music/defeat-refocus-v001.mp3","16","","","PASS (candidate-only)","","P1","pending","pending","pending","pending","candidate-only","",""
"aaa.wave001.music.north-lantern-rooftops.v001","aaa-wave-001","music","music","outputs/audio-factory-20260729/aaa-wave-001/generated/music/north-lantern-rooftops-v001.mp3","outputs/audio-factory-20260729/aaa-wave-001/mastered/music/north-lantern-rooftops-v001.mp3","24","","","PASS (candidate-only)","","P1","pending","pending","pending","pending","candidate-only","",""
"aaa.wave001.music.central-plaza.v001","aaa-wave-001","music","music","outputs/audio-factory-20260729/aaa-wave-001/generated/music/central-plaza-v001.mp3","outputs/audio-factory-20260729/aaa-wave-001/mastered/music/central-plaza-v001.mp3","24","","","PASS (candidate-only)","","P1","pending","pending","pending","pending","candidate-only","",""
"aaa.wave001.music.south-docks.v001","aaa-wave-001","music","music","outputs/audio-factory-20260729/aaa-wave-001/generated/music/south-docks-v001.mp3","outputs/audio-factory-20260729/aaa-wave-001/mastered/music/south-docks-v001.mp3","24","","","PASS (candidate-only)","","P1","pending","pending","pending","pending","candidate-only","",""
"aaa.wave001.voice.ja-ops-match-start.v001","aaa-wave-001","text_to_speech","text_to_speech","outputs/audio-factory-20260729/aaa-wave-001/generated/voices/ja-ops-match-start-v001.mp3","outputs/audio-factory-20260729/aaa-wave-001/mastered-voices/voices/ja-ops-match-start-v001.mp3","","","5","PASS (candidate-only)","","P1","pending","pending","pending","pending","candidate-only","",""
"aaa.wave001.voice.ja-ops-reach-objective.v001","aaa-wave-001","text_to_speech","text_to_speech","outputs/audio-factory-20260729/aaa-wave-001/generated/voices/ja-ops-reach-objective-v001.mp3","outputs/audio-factory-20260729/aaa-wave-001/mastered-voices/voices/ja-ops-reach-objective-v001.mp3","","","8","PASS (candidate-only)","","P1","pending","pending","pending","pending","candidate-only","",""
"aaa.wave001.voice.ja-ops-capture-begin.v001","aaa-wave-001","text_to_speech","text_to_speech","outputs/audio-factory-20260729/aaa-wave-001/generated/voices/ja-ops-capture-begin-v001.mp3","outputs/audio-factory-20260729/aaa-wave-001/mastered-voices/voices/ja-ops-capture-begin-v001.mp3","","","7","PASS (candidate-only)","","P1","pending","pending","pending","pending","candidate-only","",""
"aaa.wave001.voice.ja-ops-capture-progress.v001","aaa-wave-001","text_to_speech","text_to_speech","outputs/audio-factory-20260729/aaa-wave-001/generated/voices/ja-ops-capture-progress-v001.mp3","outputs/audio-factory-20260729/aaa-wave-001/mastered-voices/voices/ja-ops-capture-progress-v001.mp3","","","7","PASS (candidate-only)","","P1","pending","pending","pending","pending","candidate-only","",""
"aaa.wave001.voice.ja-ops-capture-secured.v001","aaa-wave-001","text_to_speech","text_to_speech","outputs/audio-factory-20260729/aaa-wave-001/generated/voices/ja-ops-capture-secured-v001.mp3","outputs/audio-factory-20260729/aaa-wave-001/mastered-voices/voices/ja-ops-capture-secured-v001.mp3","","","6","PASS (candidate-only)","","P1","pending","pending","pending","pending","candidate-only","",""
"aaa.wave001.voice.ja-ops-capture-contested.v001","aaa-wave-001","text_to_speech","text_to_speech","outputs/audio-factory-20260729/aaa-wave-001/generated/voices/ja-ops-capture-contested-v001.mp3","outputs/audio-factory-20260729/aaa-wave-001/mastered-voices/voices/ja-ops-capture-contested-v001.mp3","","","7","PASS (candidate-only)","","P1","pending","pending","pending","pending","candidate-only","",""
"aaa.wave001.voice.ja-ops-capture-lost.v001","aaa-wave-001","text_to_speech","text_to_speech","outputs/audio-factory-20260729/aaa-wave-001/generated/voices/ja-ops-capture-lost-v001.mp3","outputs/audio-factory-20260729/aaa-wave-001/mastered-voices/voices/ja-ops-capture-lost-v001.mp3","","","6","PASS (candidate-only)","","P1","pending","pending","pending","pending","candidate-only","",""
"aaa.wave001.voice.ja-ops-rotation-open.v001","aaa-wave-001","text_to_speech","text_to_speech","outputs/audio-factory-20260729/aaa-wave-001/generated/voices/ja-ops-rotation-open-v001.mp3","outputs/audio-factory-20260729/aaa-wave-001/mastered-voices/voices/ja-ops-rotation-open-v001.mp3","","","7","PASS (candidate-only)","","P1","pending","pending","pending","pending","candidate-only","",""
"aaa.wave001.voice.ja-ops-rotation-warning.v001","aaa-wave-001","text_to_speech","text_to_speech","outputs/audio-factory-20260729/aaa-wave-001/generated/voices/ja-ops-rotation-warning-v001.mp3","outputs/audio-factory-20260729/aaa-wave-001/mastered-voices/voices/ja-ops-rotation-warning-v001.mp3","","","8","PASS (candidate-only)","","P1","pending","pending","pending","pending","candidate-only","",""
"aaa.wave001.voice.ja-ops-ally-down.v001","aaa-wave-001","text_to_speech","text_to_speech","outputs/audio-factory-20260729/aaa-wave-001/generated/voices/ja-ops-ally-down-v001.mp3","outputs/audio-factory-20260729/aaa-wave-001/mastered-voices/voices/ja-ops-ally-down-v001.mp3","","","10","PASS (candidate-only)","","P1","pending","pending","pending","pending","candidate-only","",""
"aaa.wave001.voice.ja-ops-team-advantage.v001","aaa-wave-001","text_to_speech","text_to_speech","outputs/audio-factory-20260729/aaa-wave-001/generated/voices/ja-ops-team-advantage-v001.mp3","outputs/audio-factory-20260729/aaa-wave-001/mastered-voices/voices/ja-ops-team-advantage-v001.mp3","","","8","PASS (candidate-only)","","P1","pending","pending","pending","pending","candidate-only","",""
"aaa.wave001.voice.ja-ops-regroup.v001","aaa-wave-001","text_to_speech","text_to_speech","outputs/audio-factory-20260729/aaa-wave-001/generated/voices/ja-ops-regroup-v001.mp3","outputs/audio-factory-20260729/aaa-wave-001/mastered-voices/voices/ja-ops-regroup-v001.mp3","","","10","PASS (candidate-only)","","P1","pending","pending","pending","pending","candidate-only","",""
"aaa.wave001.voice.ja-ops-overtime.v001","aaa-wave-001","text_to_speech","text_to_speech","outputs/audio-factory-20260729/aaa-wave-001/generated/voices/ja-ops-overtime-v001.mp3","outputs/audio-factory-20260729/aaa-wave-001/mastered-voices/voices/ja-ops-overtime-v001.mp3","","","11","PASS (candidate-only)","","P1","pending","pending","pending","pending","candidate-only","",""
"aaa.wave001.voice.ja-ops-sudden-death.v001","aaa-wave-001","text_to_speech","text_to_speech","outputs/audio-factory-20260729/aaa-wave-001/generated/voices/ja-ops-sudden-death-v001.mp3","outputs/audio-factory-20260729/aaa-wave-001/mastered-voices/voices/ja-ops-sudden-death-v001.mp3","","","9","PASS (candidate-only)","","P1","pending","pending","pending","pending","candidate-only","",""
"aaa.wave001.voice.ja-ops-one-minute.v001","aaa-wave-001","text_to_speech","text_to_speech","outputs/audio-factory-20260729/aaa-wave-001/generated/voices/ja-ops-one-minute-v001.mp3","outputs/audio-factory-20260729/aaa-wave-001/mastered-voices/voices/ja-ops-one-minute-v001.mp3","","","4","PASS (candidate-only)","","P1","pending","pending","pending","pending","candidate-only","",""
"aaa.wave001.voice.ja-ops-thirty-seconds.v001","aaa-wave-001","text_to_speech","text_to_speech","outputs/audio-factory-20260729/aaa-wave-001/generated/voices/ja-ops-thirty-seconds-v001.mp3","outputs/audio-factory-20260729/aaa-wave-001/mastered-voices/voices/ja-ops-thirty-seconds-v001.mp3","","","4","PASS (candidate-only)","","P1","pending","pending","pending","pending","candidate-only","",""
"aaa.wave001.voice.ja-ops-ten-seconds.v001","aaa-wave-001","text_to_speech","text_to_speech","outputs/audio-factory-20260729/aaa-wave-001/generated/voices/ja-ops-ten-seconds-v001.mp3","outputs/audio-factory-20260729/aaa-wave-001/mastered-voices/voices/ja-ops-ten-seconds-v001.mp3","","","4","PASS (candidate-only)","","P1","pending","pending","pending","pending","candidate-only","",""
"aaa.wave001.voice.ja-ops-victory.v001","aaa-wave-001","text_to_speech","text_to_speech","outputs/audio-factory-20260729/aaa-wave-001/generated/voices/ja-ops-victory-v001.mp3","outputs/audio-factory-20260729/aaa-wave-001/mastered-voices/voices/ja-ops-victory-v001.mp3","","","9","PASS (candidate-only)","","P1","pending","pending","pending","pending","candidate-only","",""
"aaa.wave001.voice.ja-ops-defeat.v001","aaa-wave-001","text_to_speech","text_to_speech","outputs/audio-factory-20260729/aaa-wave-001/generated/voices/ja-ops-defeat-v001.mp3","outputs/audio-factory-20260729/aaa-wave-001/mastered-voices/voices/ja-ops-defeat-v001.mp3","","","9","PASS (candidate-only)","","P1","pending","pending","pending","pending","candidate-only","",""
"aaa.wave001.voice.ja-ops-rematch-ready.v001","aaa-wave-001","text_to_speech","text_to_speech","outputs/audio-factory-20260729/aaa-wave-001/generated/voices/ja-ops-rematch-ready-v001.mp3","outputs/audio-factory-20260729/aaa-wave-001/mastered-voices/voices/ja-ops-rematch-ready-v001.mp3","","","10","PASS (candidate-only)","","P1","pending","pending","pending","pending","candidate-only","",""
"aaa.pilot002.sfx.ui-confirm.v001","aaa-pilot-002","ui","sound_effect","outputs/audio-factory-20260730/aaa-pilot-002/generated/sfx/ui-confirm-v001.mp3","outputs/audio-factory-20260730/aaa-pilot-002/mastered/sfx/ui-confirm-v001.mp3","0.5","false","6","PASS (candidate-only)","","P1","pending","pending","pending","pending","candidate-only","",""
"aaa.pilot002.sfx.ui-cancel.v001","aaa-pilot-002","ui","sound_effect","outputs/audio-factory-20260730/aaa-pilot-002/generated/sfx/ui-cancel-v001.mp3","outputs/audio-factory-20260730/aaa-pilot-002/mastered/sfx/ui-cancel-v001.mp3","0.5","false","6","PASS (candidate-only)","","P1","pending","pending","pending","pending","candidate-only","",""
"aaa.pilot002.sfx.ui-focus.v001","aaa-pilot-002","ui","sound_effect","outputs/audio-factory-20260730/aaa-pilot-002/generated/sfx/ui-focus-v001.mp3","outputs/audio-factory-20260730/aaa-pilot-002/mastered/sfx/ui-focus-v001.mp3","0.5","false","6","PASS (candidate-only)","","P1","pending","pending","pending","pending","candidate-only","",""
"aaa.pilot002.sfx.ui-hit-confirm.v001","aaa-pilot-002","ui","sound_effect","outputs/audio-factory-20260730/aaa-pilot-002/generated/sfx/ui-hit-confirm-v001.mp3","outputs/audio-factory-20260730/aaa-pilot-002/mastered/sfx/ui-hit-confirm-v001.mp3","0.5","false","6","PASS (candidate-only)","","P1","pending","pending","pending","pending","candidate-only","",""
"aaa.pilot002.sfx.ui-damage-taken.v001","aaa-pilot-002","ui","sound_effect","outputs/audio-factory-20260730/aaa-pilot-002/generated/sfx/ui-damage-taken-v001.mp3","outputs/audio-factory-20260730/aaa-pilot-002/mastered/sfx/ui-damage-taken-v001.mp3","0.5","false","6","PASS (candidate-only)","","P1","pending","pending","pending","pending","candidate-only","",""
"aaa.pilot002.sfx.objective-capture-start.v001","aaa-pilot-002","objective","sound_effect","outputs/audio-factory-20260730/aaa-pilot-002/generated/sfx/objective-capture-start-v001.mp3","outputs/audio-factory-20260730/aaa-pilot-002/mastered/sfx/objective-capture-start-v001.mp3","1.4","false","15","PASS (candidate-only)","","P1","pending","pending","pending","pending","candidate-only","",""
"aaa.pilot002.sfx.objective-capture-tick.v001","aaa-pilot-002","objective","sound_effect","outputs/audio-factory-20260730/aaa-pilot-002/generated/sfx/objective-capture-tick-v001.mp3","outputs/audio-factory-20260730/aaa-pilot-002/mastered/sfx/objective-capture-tick-v001.mp3","0.7","false","8","PASS (candidate-only)","","P1","pending","pending","pending","pending","candidate-only","",""
"aaa.pilot002.sfx.objective-contested.v001","aaa-pilot-002","objective","sound_effect","outputs/audio-factory-20260730/aaa-pilot-002/generated/sfx/objective-contested-v001.mp3","outputs/audio-factory-20260730/aaa-pilot-002/mastered/sfx/objective-contested-v001.mp3","1.2","false","13","PASS (candidate-only)","","P1","pending","pending","pending","pending","candidate-only","",""
"aaa.pilot002.sfx.objective-transition.v001","aaa-pilot-002","objective","sound_effect","outputs/audio-factory-20260730/aaa-pilot-002/generated/sfx/objective-transition-v001.mp3","outputs/audio-factory-20260730/aaa-pilot-002/mastered/sfx/objective-transition-v001.mp3","1","false","11","PASS (candidate-only)","","P1","pending","pending","pending","pending","candidate-only","",""
"aaa.pilot002.sfx.move-stone-footstep.v001","aaa-pilot-002","movement","sound_effect","outputs/audio-factory-20260730/aaa-pilot-002/generated/sfx/move-stone-footstep-v001.mp3","outputs/audio-factory-20260730/aaa-pilot-002/mastered/sfx/move-stone-footstep-v001.mp3","0.5","false","6","PASS (candidate-only)","","P2","pending","pending","pending","pending","candidate-only","",""
"aaa.pilot002.sfx.move-wood-footstep.v001","aaa-pilot-002","movement","sound_effect","outputs/audio-factory-20260730/aaa-pilot-002/generated/sfx/move-wood-footstep-v001.mp3","outputs/audio-factory-20260730/aaa-pilot-002/mastered/sfx/move-wood-footstep-v001.mp3","0.5","false","6","PASS (candidate-only)","","P2","pending","pending","pending","pending","candidate-only","",""
"aaa.pilot002.sfx.move-ceramic-footstep.v001","aaa-pilot-002","movement","sound_effect","outputs/audio-factory-20260730/aaa-pilot-002/generated/sfx/move-ceramic-footstep-v001.mp3","outputs/audio-factory-20260730/aaa-pilot-002/mastered/sfx/move-ceramic-footstep-v001.mp3","0.5","false","6","PASS (candidate-only)","","P2","pending","pending","pending","pending","candidate-only","",""
"aaa.pilot002.sfx.move-wet-stone-footstep.v001","aaa-pilot-002","movement","sound_effect","outputs/audio-factory-20260730/aaa-pilot-002/generated/sfx/move-wet-stone-footstep-v001.mp3","outputs/audio-factory-20260730/aaa-pilot-002/mastered/sfx/move-wet-stone-footstep-v001.mp3","0.5","false","6","PASS (candidate-only)","","P2","pending","pending","pending","pending","candidate-only","",""
"aaa.pilot002.sfx.move-stone-jump.v001","aaa-pilot-002","movement","sound_effect","outputs/audio-factory-20260730/aaa-pilot-002/generated/sfx/move-stone-jump-v001.mp3","outputs/audio-factory-20260730/aaa-pilot-002/mastered/sfx/move-stone-jump-v001.mp3","0.5","false","6","PASS (candidate-only)","","P2","pending","pending","pending","pending","candidate-only","",""
"aaa.pilot002.sfx.move-stone-land.v001","aaa-pilot-002","movement","sound_effect","outputs/audio-factory-20260730/aaa-pilot-002/generated/sfx/move-stone-land-v001.mp3","outputs/audio-factory-20260730/aaa-pilot-002/mastered/sfx/move-stone-land-v001.mp3","0.6","false","7","PASS (candidate-only)","","P2","pending","pending","pending","pending","candidate-only","",""
"aaa.pilot002.sfx.move-cloth-sprint.v001","aaa-pilot-002","movement","sound_effect","outputs/audio-factory-20260730/aaa-pilot-002/generated/sfx/move-cloth-sprint-v001.mp3","outputs/audio-factory-20260730/aaa-pilot-002/mastered/sfx/move-cloth-sprint-v001.mp3","0.7","false","8","PASS (candidate-only)","","P2","pending","pending","pending","pending","candidate-only","",""
"aaa.pilot002.sfx.ambient-coastal-wind.v001","aaa-pilot-002","ambient","sound_effect","outputs/audio-factory-20260730/aaa-pilot-002/generated/sfx/ambient-coastal-wind-v001.mp3","outputs/audio-factory-20260730/aaa-pilot-002/mastered/sfx/ambient-coastal-wind-v001.mp3","12","true","132","PASS (candidate-only)","","P2","pending","pending","pending","pending","candidate-only","",""
"aaa.pilot002.sfx.ambient-canal-water.v001","aaa-pilot-002","ambient","sound_effect","outputs/audio-factory-20260730/aaa-pilot-002/generated/sfx/ambient-canal-water-v001.mp3","outputs/audio-factory-20260730/aaa-pilot-002/mastered/sfx/ambient-canal-water-v001.mp3","12","true","132","PASS (candidate-only)","","P2","pending","pending","pending","pending","candidate-only","",""
"aaa.pilot002.sfx.ambient-market-canopy.v001","aaa-pilot-002","ambient","sound_effect","outputs/audio-factory-20260730/aaa-pilot-002/generated/sfx/ambient-market-canopy-v001.mp3","outputs/audio-factory-20260730/aaa-pilot-002/mastered/sfx/ambient-market-canopy-v001.mp3","12","true","132","PASS (candidate-only)","UNDER_AUDIBLE_REFERENCE; compare v002 before adoption","P2","pending","pending","pending","pending","candidate-only","",""
"aaa.pilot002.sfx.ambient-rooftop-canvas.v001","aaa-pilot-002","ambient","sound_effect","outputs/audio-factory-20260730/aaa-pilot-002/generated/sfx/ambient-rooftop-canvas-v001.mp3","outputs/audio-factory-20260730/aaa-pilot-002/mastered/sfx/ambient-rooftop-canvas-v001.mp3","12","true","132","PASS (candidate-only)","","P2","pending","pending","pending","pending","candidate-only","",""
"aaa.pilot002.sfx.foley-rope-creak.v001","aaa-pilot-002","foley","sound_effect","outputs/audio-factory-20260730/aaa-pilot-002/generated/sfx/foley-rope-creak-v001.mp3","outputs/audio-factory-20260730/aaa-pilot-002/mastered/sfx/foley-rope-creak-v001.mp3","0.7","false","8","PASS (candidate-only)","","P2","pending","pending","pending","pending","candidate-only","",""
"aaa.pilot002.sfx.foley-lantern-bronze-tap.v001","aaa-pilot-002","foley","sound_effect","outputs/audio-factory-20260730/aaa-pilot-002/generated/sfx/foley-lantern-bronze-tap-v001.mp3","outputs/audio-factory-20260730/aaa-pilot-002/mastered/sfx/foley-lantern-bronze-tap-v001.mp3","0.5","false","6","PASS (candidate-only)","","P2","pending","pending","pending","pending","candidate-only","",""
"aaa.pilot002.sfx.foley-ceramic-vessel-set.v001","aaa-pilot-002","foley","sound_effect","outputs/audio-factory-20260730/aaa-pilot-002/generated/sfx/foley-ceramic-vessel-set-v001.mp3","outputs/audio-factory-20260730/aaa-pilot-002/mastered/sfx/foley-ceramic-vessel-set-v001.mp3","0.7","false","8","PASS (candidate-only)","","P2","pending","pending","pending","pending","candidate-only","",""
"aaa.pilot002.sfx.foley-canal-drip.v001","aaa-pilot-002","foley","sound_effect","outputs/audio-factory-20260730/aaa-pilot-002/generated/sfx/foley-canal-drip-v001.mp3","outputs/audio-factory-20260730/aaa-pilot-002/mastered/sfx/foley-canal-drip-v001.mp3","0.7","false","8","PASS (candidate-only)","","P2","pending","pending","pending","pending","candidate-only","",""
"aaa.pilot002.sfx.ambient-market-canopy.v002","aaa-pilot-002-remediation-001","ambient","sound_effect","outputs/audio-factory-20260730/aaa-pilot-002-remediation-001/generated/sfx/ambient-market-canopy-v002.mp3","outputs/audio-factory-20260730/aaa-pilot-002-remediation-001/mastered/sfx/ambient-market-canopy-v002.mp3","12","true","132","PASS (candidate-only)","COMPARE_WITH:aaa.pilot002.sfx.ambient-market-canopy.v001","P2","pending","pending","pending","pending","candidate-only","",""
"aaa.batch001.sfx.weapon.asagi.primary-fire-near.v001","aaa-batch-001","weapon","sound_effect","outputs/audio-factory-20260730/aaa-batch-001/generated/sfx/weapons/asagi-primary-fire-near-v001.mp3","outputs/audio-factory-20260730/aaa-batch-001/mastered/sfx/asagi-primary-fire-near-v001.mp3","0.55","false","6","PASS (candidate-only)","","P1","pending","pending","pending","pending","candidate-only","",""
"aaa.batch001.sfx.weapon.asagi.primary-fire-mid.v001","aaa-batch-001","weapon","sound_effect","outputs/audio-factory-20260730/aaa-batch-001/generated/sfx/weapons/asagi-primary-fire-mid-v001.mp3","outputs/audio-factory-20260730/aaa-batch-001/mastered/sfx/asagi-primary-fire-mid-v001.mp3","0.7","false","8","PASS (candidate-only)","","P1","pending","pending","pending","pending","candidate-only","",""
"aaa.batch001.sfx.weapon.asagi.primary-fire-far.v001","aaa-batch-001","weapon","sound_effect","outputs/audio-factory-20260730/aaa-batch-001/generated/sfx/weapons/asagi-primary-fire-far-v001.mp3","outputs/audio-factory-20260730/aaa-batch-001/mastered/sfx/asagi-primary-fire-far-v001.mp3","0.8","false","9","PASS (candidate-only)","","P1","pending","pending","pending","pending","candidate-only","",""
"aaa.batch001.sfx.weapon.asagi.reload.v001","aaa-batch-001","weapon","sound_effect","outputs/audio-factory-20260730/aaa-batch-001/generated/sfx/weapons/asagi-reload-v001.mp3","outputs/audio-factory-20260730/aaa-batch-001/mastered/sfx/asagi-reload-v001.mp3","1.2","false","13","PASS (candidate-only)","","P1","pending","pending","pending","pending","candidate-only","",""
"aaa.batch001.sfx.weapon.asagi.dry-fire.v001","aaa-batch-001","weapon","sound_effect","outputs/audio-factory-20260730/aaa-batch-001/generated/sfx/weapons/asagi-dry-fire-v001.mp3","outputs/audio-factory-20260730/aaa-batch-001/mastered/sfx/asagi-dry-fire-v001.mp3","0.5","false","6","PASS (candidate-only)","","P1","pending","pending","pending","pending","candidate-only","",""
"aaa.batch001.sfx.weapon.asagi.impact-stone.v001","aaa-batch-001","weapon","sound_effect","outputs/audio-factory-20260730/aaa-batch-001/generated/sfx/weapons/asagi-impact-stone-v001.mp3","outputs/audio-factory-20260730/aaa-batch-001/mastered/sfx/asagi-impact-stone-v001.mp3","0.65","false","7","PASS (candidate-only)","","P1","pending","pending","pending","pending","candidate-only","",""
"aaa.batch001.sfx.weapon.asagi.impact-metal.v001","aaa-batch-001","weapon","sound_effect","outputs/audio-factory-20260730/aaa-batch-001/generated/sfx/weapons/asagi-impact-metal-v001.mp3","outputs/audio-factory-20260730/aaa-batch-001/mastered/sfx/asagi-impact-metal-v001.mp3","0.65","false","7","PASS (candidate-only)","","P1","pending","pending","pending","pending","candidate-only","",""
"aaa.batch001.sfx.weapon.asagi.charge.v001","aaa-batch-001","weapon","sound_effect","outputs/audio-factory-20260730/aaa-batch-001/generated/sfx/weapons/asagi-charge-v001.mp3","outputs/audio-factory-20260730/aaa-batch-001/mastered/sfx/asagi-charge-v001.mp3","0.8","false","9","PASS (candidate-only)","","P1","pending","pending","pending","pending","candidate-only","",""
"aaa.batch001.sfx.weapon.asagi.overheat.v001","aaa-batch-001","weapon","sound_effect","outputs/audio-factory-20260730/aaa-batch-001/generated/sfx/weapons/asagi-overheat-v001.mp3","outputs/audio-factory-20260730/aaa-batch-001/mastered/sfx/asagi-overheat-v001.mp3","1","false","11","PASS (candidate-only)","","P1","pending","pending","pending","pending","candidate-only","",""
"aaa.batch001.sfx.weapon.asagi.equip.v001","aaa-batch-001","weapon","sound_effect","outputs/audio-factory-20260730/aaa-batch-001/generated/sfx/weapons/asagi-equip-v001.mp3","outputs/audio-factory-20260730/aaa-batch-001/mastered/sfx/asagi-equip-v001.mp3","0.5","false","6","PASS (candidate-only)","","P1","pending","pending","pending","pending","candidate-only","",""
"aaa.batch001.sfx.weapon.hokuchi.primary-fire-near.v001","aaa-batch-001","weapon","sound_effect","outputs/audio-factory-20260730/aaa-batch-001/generated/sfx/weapons/hokuchi-primary-fire-near-v001.mp3","outputs/audio-factory-20260730/aaa-batch-001/mastered/sfx/hokuchi-primary-fire-near-v001.mp3","0.55","false","6","PASS (candidate-only)","","P1","pending","pending","pending","pending","candidate-only","",""
"aaa.batch001.sfx.weapon.hokuchi.primary-fire-mid.v001","aaa-batch-001","weapon","sound_effect","outputs/audio-factory-20260730/aaa-batch-001/generated/sfx/weapons/hokuchi-primary-fire-mid-v001.mp3","outputs/audio-factory-20260730/aaa-batch-001/mastered/sfx/hokuchi-primary-fire-mid-v001.mp3","0.7","false","8","PASS (candidate-only)","","P1","pending","pending","pending","pending","candidate-only","",""
"aaa.batch001.sfx.weapon.hokuchi.primary-fire-far.v001","aaa-batch-001","weapon","sound_effect","outputs/audio-factory-20260730/aaa-batch-001/generated/sfx/weapons/hokuchi-primary-fire-far-v001.mp3","outputs/audio-factory-20260730/aaa-batch-001/mastered/sfx/hokuchi-primary-fire-far-v001.mp3","0.8","false","9","PASS (candidate-only)","","P1","pending","pending","pending","pending","candidate-only","",""
"aaa.batch001.sfx.weapon.hokuchi.reload.v001","aaa-batch-001","weapon","sound_effect","outputs/audio-factory-20260730/aaa-batch-001/generated/sfx/weapons/hokuchi-reload-v001.mp3","outputs/audio-factory-20260730/aaa-batch-001/mastered/sfx/hokuchi-reload-v001.mp3","1.2","false","13","PASS (candidate-only)","","P1","pending","pending","pending","pending","candidate-only","",""
"aaa.batch001.sfx.weapon.hokuchi.dry-fire.v001","aaa-batch-001","weapon","sound_effect","outputs/audio-factory-20260730/aaa-batch-001/generated/sfx/weapons/hokuchi-dry-fire-v001.mp3","outputs/audio-factory-20260730/aaa-batch-001/mastered/sfx/hokuchi-dry-fire-v001.mp3","0.5","false","6","PASS (candidate-only)","","P1","pending","pending","pending","pending","candidate-only","",""
"aaa.batch001.sfx.weapon.hokuchi.impact-stone.v001","aaa-batch-001","weapon","sound_effect","outputs/audio-factory-20260730/aaa-batch-001/generated/sfx/weapons/hokuchi-impact-stone-v001.mp3","outputs/audio-factory-20260730/aaa-batch-001/mastered/sfx/hokuchi-impact-stone-v001.mp3","0.65","false","7","PASS (candidate-only)","","P1","pending","pending","pending","pending","candidate-only","",""
"aaa.batch001.sfx.weapon.hokuchi.impact-metal.v001","aaa-batch-001","weapon","sound_effect","outputs/audio-factory-20260730/aaa-batch-001/generated/sfx/weapons/hokuchi-impact-metal-v001.mp3","outputs/audio-factory-20260730/aaa-batch-001/mastered/sfx/hokuchi-impact-metal-v001.mp3","0.65","false","7","PASS (candidate-only)","","P1","pending","pending","pending","pending","candidate-only","",""
"aaa.batch001.sfx.weapon.hokuchi.charge.v001","aaa-batch-001","weapon","sound_effect","outputs/audio-factory-20260730/aaa-batch-001/generated/sfx/weapons/hokuchi-charge-v001.mp3","outputs/audio-factory-20260730/aaa-batch-001/mastered/sfx/hokuchi-charge-v001.mp3","0.8","false","9","PASS (candidate-only)","","P1","pending","pending","pending","pending","candidate-only","",""
"aaa.batch001.sfx.weapon.hokuchi.overheat.v001","aaa-batch-001","weapon","sound_effect","outputs/audio-factory-20260730/aaa-batch-001/generated/sfx/weapons/hokuchi-overheat-v001.mp3","outputs/audio-factory-20260730/aaa-batch-001/mastered/sfx/hokuchi-overheat-v001.mp3","1","false","11","PASS (candidate-only)","","P1","pending","pending","pending","pending","candidate-only","",""
"aaa.batch001.sfx.weapon.hokuchi.equip.v001","aaa-batch-001","weapon","sound_effect","outputs/audio-factory-20260730/aaa-batch-001/generated/sfx/weapons/hokuchi-equip-v001.mp3","outputs/audio-factory-20260730/aaa-batch-001/mastered/sfx/hokuchi-equip-v001.mp3","0.5","false","6","PASS (candidate-only)","","P1","pending","pending","pending","pending","candidate-only","",""
"aaa.batch001.sfx.weapon.shirasagi.primary-fire-near.v001","aaa-batch-001","weapon","sound_effect","outputs/audio-factory-20260730/aaa-batch-001/generated/sfx/weapons/shirasagi-primary-fire-near-v001.mp3","outputs/audio-factory-20260730/aaa-batch-001/mastered/sfx/shirasagi-primary-fire-near-v001.mp3","0.55","false","6","PASS (candidate-only)","","P1","pending","pending","pending","pending","candidate-only","",""
"aaa.batch001.sfx.weapon.shirasagi.primary-fire-mid.v001","aaa-batch-001","weapon","sound_effect","outputs/audio-factory-20260730/aaa-batch-001/generated/sfx/weapons/shirasagi-primary-fire-mid-v001.mp3","outputs/audio-factory-20260730/aaa-batch-001/mastered/sfx/shirasagi-primary-fire-mid-v001.mp3","0.7","false","8","PASS (candidate-only)","","P1","pending","pending","pending","pending","candidate-only","",""
"aaa.batch001.sfx.weapon.shirasagi.primary-fire-far.v001","aaa-batch-001","weapon","sound_effect","outputs/audio-factory-20260730/aaa-batch-001/generated/sfx/weapons/shirasagi-primary-fire-far-v001.mp3","outputs/audio-factory-20260730/aaa-batch-001/mastered/sfx/shirasagi-primary-fire-far-v001.mp3","0.8","false","9","PASS (candidate-only)","","P1","pending","pending","pending","pending","candidate-only","",""
"aaa.batch001.sfx.weapon.shirasagi.reload.v001","aaa-batch-001","weapon","sound_effect","outputs/audio-factory-20260730/aaa-batch-001/generated/sfx/weapons/shirasagi-reload-v001.mp3","outputs/audio-factory-20260730/aaa-batch-001/mastered/sfx/shirasagi-reload-v001.mp3","1.2","false","13","PASS (candidate-only)","","P1","pending","pending","pending","pending","candidate-only","",""
"aaa.batch001.sfx.weapon.shirasagi.dry-fire.v001","aaa-batch-001","weapon","sound_effect","outputs/audio-factory-20260730/aaa-batch-001/generated/sfx/weapons/shirasagi-dry-fire-v001.mp3","outputs/audio-factory-20260730/aaa-batch-001/mastered/sfx/shirasagi-dry-fire-v001.mp3","0.5","false","6","PASS (candidate-only)","","P1","pending","pending","pending","pending","candidate-only","",""
"aaa.batch001.sfx.weapon.shirasagi.impact-stone.v001","aaa-batch-001","weapon","sound_effect","outputs/audio-factory-20260730/aaa-batch-001/generated/sfx/weapons/shirasagi-impact-stone-v001.mp3","outputs/audio-factory-20260730/aaa-batch-001/mastered/sfx/shirasagi-impact-stone-v001.mp3","0.65","false","7","PASS (candidate-only)","","P1","pending","pending","pending","pending","candidate-only","",""
"aaa.batch001.sfx.weapon.shirasagi.impact-metal.v001","aaa-batch-001","weapon","sound_effect","outputs/audio-factory-20260730/aaa-batch-001/generated/sfx/weapons/shirasagi-impact-metal-v001.mp3","outputs/audio-factory-20260730/aaa-batch-001/mastered/sfx/shirasagi-impact-metal-v001.mp3","0.65","false","7","PASS (candidate-only)","","P1","pending","pending","pending","pending","candidate-only","",""
"aaa.batch001.sfx.weapon.shirasagi.charge.v001","aaa-batch-001","weapon","sound_effect","outputs/audio-factory-20260730/aaa-batch-001/generated/sfx/weapons/shirasagi-charge-v001.mp3","outputs/audio-factory-20260730/aaa-batch-001/mastered/sfx/shirasagi-charge-v001.mp3","0.8","false","9","PASS (candidate-only)","","P1","pending","pending","pending","pending","candidate-only","",""
"aaa.batch001.sfx.weapon.shirasagi.overheat.v001","aaa-batch-001","weapon","sound_effect","outputs/audio-factory-20260730/aaa-batch-001/generated/sfx/weapons/shirasagi-overheat-v001.mp3","outputs/audio-factory-20260730/aaa-batch-001/mastered/sfx/shirasagi-overheat-v001.mp3","1","false","11","PASS (candidate-only)","","P1","pending","pending","pending","pending","candidate-only","",""
"aaa.batch001.sfx.weapon.shirasagi.equip.v001","aaa-batch-001","weapon","sound_effect","outputs/audio-factory-20260730/aaa-batch-001/generated/sfx/weapons/shirasagi-equip-v001.mp3","outputs/audio-factory-20260730/aaa-batch-001/mastered/sfx/shirasagi-equip-v001.mp3","0.5","false","6","PASS (candidate-only)","","P1","pending","pending","pending","pending","candidate-only","",""
"aaa.batch001.sfx.weapon.ankou.primary-fire-near.v001","aaa-batch-001","weapon","sound_effect","outputs/audio-factory-20260730/aaa-batch-001/generated/sfx/weapons/ankou-primary-fire-near-v001.mp3","outputs/audio-factory-20260730/aaa-batch-001/mastered/sfx/ankou-primary-fire-near-v001.mp3","0.55","false","6","PASS (candidate-only)","","P1","pending","pending","pending","pending","candidate-only","",""
"aaa.batch001.sfx.weapon.ankou.primary-fire-mid.v001","aaa-batch-001","weapon","sound_effect","outputs/audio-factory-20260730/aaa-batch-001/generated/sfx/weapons/ankou-primary-fire-mid-v001.mp3","outputs/audio-factory-20260730/aaa-batch-001/mastered/sfx/ankou-primary-fire-mid-v001.mp3","0.7","false","8","PASS (candidate-only)","","P1","pending","pending","pending","pending","candidate-only","",""
"aaa.batch001.sfx.weapon.ankou.primary-fire-far.v001","aaa-batch-001","weapon","sound_effect","outputs/audio-factory-20260730/aaa-batch-001/generated/sfx/weapons/ankou-primary-fire-far-v001.mp3","outputs/audio-factory-20260730/aaa-batch-001/mastered/sfx/ankou-primary-fire-far-v001.mp3","0.8","false","9","PASS (candidate-only)","","P1","pending","pending","pending","pending","candidate-only","",""
"aaa.batch001.sfx.weapon.ankou.reload.v001","aaa-batch-001","weapon","sound_effect","outputs/audio-factory-20260730/aaa-batch-001/generated/sfx/weapons/ankou-reload-v001.mp3","outputs/audio-factory-20260730/aaa-batch-001/mastered/sfx/ankou-reload-v001.mp3","1.2","false","13","PASS (candidate-only)","","P1","pending","pending","pending","pending","candidate-only","",""
"aaa.batch001.sfx.weapon.ankou.dry-fire.v001","aaa-batch-001","weapon","sound_effect","outputs/audio-factory-20260730/aaa-batch-001/generated/sfx/weapons/ankou-dry-fire-v001.mp3","outputs/audio-factory-20260730/aaa-batch-001/mastered/sfx/ankou-dry-fire-v001.mp3","0.5","false","6","PASS (candidate-only)","","P1","pending","pending","pending","pending","candidate-only","",""
"aaa.batch001.sfx.weapon.ankou.impact-stone.v001","aaa-batch-001","weapon","sound_effect","outputs/audio-factory-20260730/aaa-batch-001/generated/sfx/weapons/ankou-impact-stone-v001.mp3","outputs/audio-factory-20260730/aaa-batch-001/mastered/sfx/ankou-impact-stone-v001.mp3","0.65","false","7","PASS (candidate-only)","","P1","pending","pending","pending","pending","candidate-only","",""
"aaa.batch001.sfx.weapon.ankou.impact-metal.v001","aaa-batch-001","weapon","sound_effect","outputs/audio-factory-20260730/aaa-batch-001/generated/sfx/weapons/ankou-impact-metal-v001.mp3","outputs/audio-factory-20260730/aaa-batch-001/mastered/sfx/ankou-impact-metal-v001.mp3","0.65","false","7","PASS (candidate-only)","","P1","pending","pending","pending","pending","candidate-only","",""
"aaa.batch001.sfx.weapon.ankou.charge.v001","aaa-batch-001","weapon","sound_effect","outputs/audio-factory-20260730/aaa-batch-001/generated/sfx/weapons/ankou-charge-v001.mp3","outputs/audio-factory-20260730/aaa-batch-001/mastered/sfx/ankou-charge-v001.mp3","0.8","false","9","PASS (candidate-only)","","P1","pending","pending","pending","pending","candidate-only","",""
"aaa.batch001.sfx.weapon.ankou.overheat.v001","aaa-batch-001","weapon","sound_effect","outputs/audio-factory-20260730/aaa-batch-001/generated/sfx/weapons/ankou-overheat-v001.mp3","outputs/audio-factory-20260730/aaa-batch-001/mastered/sfx/ankou-overheat-v001.mp3","1","false","11","PASS (candidate-only)","","P1","pending","pending","pending","pending","candidate-only","",""
"aaa.batch001.sfx.weapon.ankou.equip.v001","aaa-batch-001","weapon","sound_effect","outputs/audio-factory-20260730/aaa-batch-001/generated/sfx/weapons/ankou-equip-v001.mp3","outputs/audio-factory-20260730/aaa-batch-001/mastered/sfx/ankou-equip-v001.mp3","0.5","false","6","PASS (candidate-only)","","P1","pending","pending","pending","pending","candidate-only","",""
"aaa.batch001.sfx.ability.asagi.scan-ripple.cast.v001","aaa-batch-001","ability","sound_effect","outputs/audio-factory-20260730/aaa-batch-001/generated/sfx/abilities/asagi-scan-ripple-cast-v001.mp3","outputs/audio-factory-20260730/aaa-batch-001/mastered/sfx/asagi-scan-ripple-cast-v001.mp3","0.65","false","7","PASS (candidate-only)","","P1","pending","pending","pending","pending","candidate-only","",""
"aaa.batch001.sfx.ability.asagi.scan-ripple.travel.v001","aaa-batch-001","ability","sound_effect","outputs/audio-factory-20260730/aaa-batch-001/generated/sfx/abilities/asagi-scan-ripple-travel-v001.mp3","outputs/audio-factory-20260730/aaa-batch-001/mastered/sfx/asagi-scan-ripple-travel-v001.mp3","0.8","false","9","PASS (candidate-only)","","P1","pending","pending","pending","pending","candidate-only","",""
"aaa.batch001.sfx.ability.asagi.scan-ripple.impact.v001","aaa-batch-001","ability","sound_effect","outputs/audio-factory-20260730/aaa-batch-001/generated/sfx/abilities/asagi-scan-ripple-impact-v001.mp3","outputs/audio-factory-20260730/aaa-batch-001/mastered/sfx/asagi-scan-ripple-impact-v001.mp3","0.75","false","8","PASS (candidate-only)","","P1","pending","pending","pending","pending","candidate-only","",""
"aaa.batch001.sfx.ability.asagi.scan-ripple.resolve.v001","aaa-batch-001","ability","sound_effect","outputs/audio-factory-20260730/aaa-batch-001/generated/sfx/abilities/asagi-scan-ripple-resolve-v001.mp3","outputs/audio-factory-20260730/aaa-batch-001/mastered/sfx/asagi-scan-ripple-resolve-v001.mp3","0.9","false","10","PASS (candidate-only)","","P1","pending","pending","pending","pending","candidate-only","",""
"aaa.batch001.sfx.ability.hokuchi.heat-bastion.cast.v001","aaa-batch-001","ability","sound_effect","outputs/audio-factory-20260730/aaa-batch-001/generated/sfx/abilities/hokuchi-heat-bastion-cast-v001.mp3","outputs/audio-factory-20260730/aaa-batch-001/mastered/sfx/hokuchi-heat-bastion-cast-v001.mp3","0.65","false","7","PASS (candidate-only)","","P1","pending","pending","pending","pending","candidate-only","",""
"aaa.batch001.sfx.ability.hokuchi.heat-bastion.travel.v001","aaa-batch-001","ability","sound_effect","outputs/audio-factory-20260730/aaa-batch-001/generated/sfx/abilities/hokuchi-heat-bastion-travel-v001.mp3","outputs/audio-factory-20260730/aaa-batch-001/mastered/sfx/hokuchi-heat-bastion-travel-v001.mp3","0.8","false","9","PASS (candidate-only)","","P1","pending","pending","pending","pending","candidate-only","",""
"aaa.batch001.sfx.ability.hokuchi.heat-bastion.impact.v001","aaa-batch-001","ability","sound_effect","outputs/audio-factory-20260730/aaa-batch-001/generated/sfx/abilities/hokuchi-heat-bastion-impact-v001.mp3","outputs/audio-factory-20260730/aaa-batch-001/mastered/sfx/hokuchi-heat-bastion-impact-v001.mp3","0.75","false","8","PASS (candidate-only)","","P1","pending","pending","pending","pending","candidate-only","",""
"aaa.batch001.sfx.ability.hokuchi.heat-bastion.resolve.v001","aaa-batch-001","ability","sound_effect","outputs/audio-factory-20260730/aaa-batch-001/generated/sfx/abilities/hokuchi-heat-bastion-resolve-v001.mp3","outputs/audio-factory-20260730/aaa-batch-001/mastered/sfx/hokuchi-heat-bastion-resolve-v001.mp3","0.9","false","10","PASS (candidate-only)","","P1","pending","pending","pending","pending","candidate-only","",""
"aaa.batch001.sfx.ability.shirasagi.prism-step.cast.v001","aaa-batch-001","ability","sound_effect","outputs/audio-factory-20260730/aaa-batch-001/generated/sfx/abilities/shirasagi-prism-step-cast-v001.mp3","outputs/audio-factory-20260730/aaa-batch-001/mastered/sfx/shirasagi-prism-step-cast-v001.mp3","0.65","false","7","PASS (candidate-only)","","P1","pending","pending","pending","pending","candidate-only","",""
"aaa.batch001.sfx.ability.shirasagi.prism-step.travel.v001","aaa-batch-001","ability","sound_effect","outputs/audio-factory-20260730/aaa-batch-001/generated/sfx/abilities/shirasagi-prism-step-travel-v001.mp3","outputs/audio-factory-20260730/aaa-batch-001/mastered/sfx/shirasagi-prism-step-travel-v001.mp3","0.8","false","9","PASS (candidate-only)","","P1","pending","pending","pending","pending","candidate-only","",""
"aaa.batch001.sfx.ability.shirasagi.prism-step.impact.v001","aaa-batch-001","ability","sound_effect","outputs/audio-factory-20260730/aaa-batch-001/generated/sfx/abilities/shirasagi-prism-step-impact-v001.mp3","outputs/audio-factory-20260730/aaa-batch-001/mastered/sfx/shirasagi-prism-step-impact-v001.mp3","0.75","false","8","PASS (candidate-only)","","P1","pending","pending","pending","pending","candidate-only","",""
"aaa.batch001.sfx.ability.shirasagi.prism-step.resolve.v001","aaa-batch-001","ability","sound_effect","outputs/audio-factory-20260730/aaa-batch-001/generated/sfx/abilities/shirasagi-prism-step-resolve-v001.mp3","outputs/audio-factory-20260730/aaa-batch-001/mastered/sfx/shirasagi-prism-step-resolve-v001.mp3","0.9","false","10","PASS (candidate-only)","","P1","pending","pending","pending","pending","candidate-only","",""
"aaa.batch001.sfx.ability.ankou.tide-snare.cast.v001","aaa-batch-001","ability","sound_effect","outputs/audio-factory-20260730/aaa-batch-001/generated/sfx/abilities/ankou-tide-snare-cast-v001.mp3","outputs/audio-factory-20260730/aaa-batch-001/mastered/sfx/ankou-tide-snare-cast-v001.mp3","0.65","false","7","PASS (candidate-only)","","P1","pending","pending","pending","pending","candidate-only","",""
"aaa.batch001.sfx.ability.ankou.tide-snare.travel.v001","aaa-batch-001","ability","sound_effect","outputs/audio-factory-20260730/aaa-batch-001/generated/sfx/abilities/ankou-tide-snare-travel-v001.mp3","outputs/audio-factory-20260730/aaa-batch-001/mastered/sfx/ankou-tide-snare-travel-v001.mp3","0.8","false","9","PASS (candidate-only)","","P1","pending","pending","pending","pending","candidate-only","",""
"aaa.batch001.sfx.ability.ankou.tide-snare.impact.v001","aaa-batch-001","ability","sound_effect","outputs/audio-factory-20260730/aaa-batch-001/generated/sfx/abilities/ankou-tide-snare-impact-v001.mp3","outputs/audio-factory-20260730/aaa-batch-001/mastered/sfx/ankou-tide-snare-impact-v001.mp3","0.75","false","8","PASS (candidate-only)","","P1","pending","pending","pending","pending","candidate-only","",""
"aaa.batch001.sfx.ability.ankou.tide-snare.resolve.v001","aaa-batch-001","ability","sound_effect","outputs/audio-factory-20260730/aaa-batch-001/generated/sfx/abilities/ankou-tide-snare-resolve-v001.mp3","outputs/audio-factory-20260730/aaa-batch-001/mastered/sfx/ankou-tide-snare-resolve-v001.mp3","0.9","false","10","PASS (candidate-only)","","P1","pending","pending","pending","pending","candidate-only","",""
"aaa.batch001.sfx.ability.hibari.wind-lift.cast.v001","aaa-batch-001","ability","sound_effect","outputs/audio-factory-20260730/aaa-batch-001/generated/sfx/abilities/hibari-wind-lift-cast-v001.mp3","outputs/audio-factory-20260730/aaa-batch-001/mastered/sfx/hibari-wind-lift-cast-v001.mp3","0.65","false","7","PASS (candidate-only)","","P1","pending","pending","pending","pending","candidate-only","",""
"aaa.batch001.sfx.ability.hibari.wind-lift.travel.v001","aaa-batch-001","ability","sound_effect","outputs/audio-factory-20260730/aaa-batch-001/generated/sfx/abilities/hibari-wind-lift-travel-v001.mp3","outputs/audio-factory-20260730/aaa-batch-001/mastered/sfx/hibari-wind-lift-travel-v001.mp3","0.8","false","9","PASS (candidate-only)","","P1","pending","pending","pending","pending","candidate-only","",""
"aaa.batch001.sfx.ability.hibari.wind-lift.impact.v001","aaa-batch-001","ability","sound_effect","outputs/audio-factory-20260730/aaa-batch-001/generated/sfx/abilities/hibari-wind-lift-impact-v001.mp3","outputs/audio-factory-20260730/aaa-batch-001/mastered/sfx/hibari-wind-lift-impact-v001.mp3","0.75","false","8","PASS (candidate-only)","","P1","pending","pending","pending","pending","candidate-only","",""
"aaa.batch001.sfx.ability.hibari.wind-lift.resolve.v001","aaa-batch-001","ability","sound_effect","outputs/audio-factory-20260730/aaa-batch-001/generated/sfx/abilities/hibari-wind-lift-resolve-v001.mp3","outputs/audio-factory-20260730/aaa-batch-001/mastered/sfx/hibari-wind-lift-resolve-v001.mp3","0.9","false","10","PASS (candidate-only)","","P1","pending","pending","pending","pending","candidate-only","",""
"aaa.batch001.sfx.ability.tsuzuri.thread-bind.cast.v001","aaa-batch-001","ability","sound_effect","outputs/audio-factory-20260730/aaa-batch-001/generated/sfx/abilities/tsuzuri-thread-bind-cast-v001.mp3","outputs/audio-factory-20260730/aaa-batch-001/mastered/sfx/tsuzuri-thread-bind-cast-v001.mp3","0.65","false","7","PASS (candidate-only)","","P1","pending","pending","pending","pending","candidate-only","",""
"aaa.batch001.sfx.ability.tsuzuri.thread-bind.travel.v001","aaa-batch-001","ability","sound_effect","outputs/audio-factory-20260730/aaa-batch-001/generated/sfx/abilities/tsuzuri-thread-bind-travel-v001.mp3","outputs/audio-factory-20260730/aaa-batch-001/mastered/sfx/tsuzuri-thread-bind-travel-v001.mp3","0.8","false","9","PASS (candidate-only)","","P1","pending","pending","pending","pending","candidate-only","",""
"aaa.batch001.sfx.ability.tsuzuri.thread-bind.impact.v001","aaa-batch-001","ability","sound_effect","outputs/audio-factory-20260730/aaa-batch-001/generated/sfx/abilities/tsuzuri-thread-bind-impact-v001.mp3","outputs/audio-factory-20260730/aaa-batch-001/mastered/sfx/tsuzuri-thread-bind-impact-v001.mp3","0.75","false","8","PASS (candidate-only)","","P1","pending","pending","pending","pending","candidate-only","",""
"aaa.batch001.sfx.ability.tsuzuri.thread-bind.resolve.v001","aaa-batch-001","ability","sound_effect","outputs/audio-factory-20260730/aaa-batch-001/generated/sfx/abilities/tsuzuri-thread-bind-resolve-v001.mp3","outputs/audio-factory-20260730/aaa-batch-001/mastered/sfx/tsuzuri-thread-bind-resolve-v001.mp3","0.9","false","10","PASS (candidate-only)","","P1","pending","pending","pending","pending","candidate-only","",""
"aaa.batch001.sfx.ui.confirm.v001","aaa-batch-001","ui","sound_effect","outputs/audio-factory-20260730/aaa-batch-001/generated/sfx/ui/confirm-v001.mp3","outputs/audio-factory-20260730/aaa-batch-001/mastered/sfx/confirm-v001.mp3","0.5","false","6","PASS (candidate-only)","","P1","pending","pending","pending","pending","candidate-only","",""
"aaa.batch001.sfx.ui.cancel.v001","aaa-batch-001","ui","sound_effect","outputs/audio-factory-20260730/aaa-batch-001/generated/sfx/ui/cancel-v001.mp3","outputs/audio-factory-20260730/aaa-batch-001/mastered/sfx/cancel-v001.mp3","0.5","false","6","PASS (candidate-only)","","P1","pending","pending","pending","pending","candidate-only","",""
"aaa.batch001.sfx.ui.focus.v001","aaa-batch-001","ui","sound_effect","outputs/audio-factory-20260730/aaa-batch-001/generated/sfx/ui/focus-v001.mp3","outputs/audio-factory-20260730/aaa-batch-001/mastered/sfx/focus-v001.mp3","0.5","false","6","PASS (candidate-only)","","P1","pending","pending","pending","pending","candidate-only","",""
"aaa.batch001.sfx.ui.hit-confirm.v001","aaa-batch-001","ui","sound_effect","outputs/audio-factory-20260730/aaa-batch-001/generated/sfx/ui/hit-confirm-v001.mp3","outputs/audio-factory-20260730/aaa-batch-001/mastered/sfx/hit-confirm-v001.mp3","0.5","false","6","PASS (candidate-only)","","P1","pending","pending","pending","pending","candidate-only","",""
"aaa.batch001.sfx.ui.critical-confirm.v001","aaa-batch-001","ui","sound_effect","outputs/audio-factory-20260730/aaa-batch-001/generated/sfx/ui/critical-confirm-v001.mp3","outputs/audio-factory-20260730/aaa-batch-001/mastered/sfx/critical-confirm-v001.mp3","0.6","false","7","PASS (candidate-only)","","P1","pending","pending","pending","pending","candidate-only","",""
"aaa.batch001.sfx.ui.damage-taken.v001","aaa-batch-001","ui","sound_effect","outputs/audio-factory-20260730/aaa-batch-001/generated/sfx/ui/damage-taken-v001.mp3","outputs/audio-factory-20260730/aaa-batch-001/mastered/sfx/damage-taken-v001.mp3","0.5","false","6","PASS (candidate-only)","","P1","pending","pending","pending","pending","candidate-only","",""
"aaa.batch001.sfx.ui.low-health.v001","aaa-batch-001","ui","sound_effect","outputs/audio-factory-20260730/aaa-batch-001/generated/sfx/ui/low-health-v001.mp3","outputs/audio-factory-20260730/aaa-batch-001/mastered/sfx/low-health-v001.mp3","0.7","false","8","PASS (candidate-only)","","P1","pending","pending","pending","pending","candidate-only","",""
"aaa.batch001.sfx.ui.heal-received.v001","aaa-batch-001","ui","sound_effect","outputs/audio-factory-20260730/aaa-batch-001/generated/sfx/ui/heal-received-v001.mp3","outputs/audio-factory-20260730/aaa-batch-001/mastered/sfx/heal-received-v001.mp3","0.65","false","7","PASS (candidate-only)","","P1","pending","pending","pending","pending","candidate-only","",""
"aaa.batch001.sfx.ui.ally-ping.v001","aaa-batch-001","ui","sound_effect","outputs/audio-factory-20260730/aaa-batch-001/generated/sfx/ui/ally-ping-v001.mp3","outputs/audio-factory-20260730/aaa-batch-001/mastered/sfx/ally-ping-v001.mp3","0.55","false","6","PASS (candidate-only)","","P1","pending","pending","pending","pending","candidate-only","",""
"aaa.batch001.sfx.ui.enemy-ping.v001","aaa-batch-001","ui","sound_effect","outputs/audio-factory-20260730/aaa-batch-001/generated/sfx/ui/enemy-ping-v001.mp3","outputs/audio-factory-20260730/aaa-batch-001/mastered/sfx/enemy-ping-v001.mp3","0.55","false","6","PASS (candidate-only)","","P1","pending","pending","pending","pending","candidate-only","",""
"aaa.batch001.sfx.ui.menu-open.v001","aaa-batch-001","ui","sound_effect","outputs/audio-factory-20260730/aaa-batch-001/generated/sfx/ui/menu-open-v001.mp3","outputs/audio-factory-20260730/aaa-batch-001/mastered/sfx/menu-open-v001.mp3","0.55","false","6","PASS (candidate-only)","","P1","pending","pending","pending","pending","candidate-only","",""
"aaa.batch001.sfx.ui.menu-close.v001","aaa-batch-001","ui","sound_effect","outputs/audio-factory-20260730/aaa-batch-001/generated/sfx/ui/menu-close-v001.mp3","outputs/audio-factory-20260730/aaa-batch-001/mastered/sfx/menu-close-v001.mp3","0.5","false","6","PASS (candidate-only)","","P1","pending","pending","pending","pending","candidate-only","",""
"aaa.batch001.sfx.ui.cooldown-ready.v001","aaa-batch-001","ui","sound_effect","outputs/audio-factory-20260730/aaa-batch-001/generated/sfx/ui/cooldown-ready-v001.mp3","outputs/audio-factory-20260730/aaa-batch-001/mastered/sfx/cooldown-ready-v001.mp3","0.6","false","7","PASS (candidate-only)","","P1","pending","pending","pending","pending","candidate-only","",""
"aaa.batch001.sfx.ui.ability-blocked.v001","aaa-batch-001","ui","sound_effect","outputs/audio-factory-20260730/aaa-batch-001/generated/sfx/ui/ability-blocked-v001.mp3","outputs/audio-factory-20260730/aaa-batch-001/mastered/sfx/ability-blocked-v001.mp3","0.55","false","6","PASS (candidate-only)","","P1","pending","pending","pending","pending","candidate-only","",""
"aaa.batch001.sfx.ui.respawn-ready.v001","aaa-batch-001","ui","sound_effect","outputs/audio-factory-20260730/aaa-batch-001/generated/sfx/ui/respawn-ready-v001.mp3","outputs/audio-factory-20260730/aaa-batch-001/mastered/sfx/respawn-ready-v001.mp3","0.7","false","8","PASS (candidate-only)","","P1","pending","pending","pending","pending","candidate-only","",""
"aaa.batch001.sfx.ui.scoreboard-open.v001","aaa-batch-001","ui","sound_effect","outputs/audio-factory-20260730/aaa-batch-001/generated/sfx/ui/scoreboard-open-v001.mp3","outputs/audio-factory-20260730/aaa-batch-001/mastered/sfx/scoreboard-open-v001.mp3","0.55","false","6","PASS (candidate-only)","","P1","pending","pending","pending","pending","candidate-only","",""
"aaa.batch001.sfx.ui.scoreboard-close.v001","aaa-batch-001","ui","sound_effect","outputs/audio-factory-20260730/aaa-batch-001/generated/sfx/ui/scoreboard-close-v001.mp3","outputs/audio-factory-20260730/aaa-batch-001/mastered/sfx/scoreboard-close-v001.mp3","0.5","false","6","PASS (candidate-only)","","P1","pending","pending","pending","pending","candidate-only","",""
"aaa.batch001.sfx.ui.objective-route.v001","aaa-batch-001","ui","sound_effect","outputs/audio-factory-20260730/aaa-batch-001/generated/sfx/ui/objective-route-v001.mp3","outputs/audio-factory-20260730/aaa-batch-001/mastered/sfx/objective-route-v001.mp3","0.65","false","7","PASS (candidate-only)","","P1","pending","pending","pending","pending","candidate-only","",""
"aaa.batch001.sfx.ui.party-ready.v001","aaa-batch-001","ui","sound_effect","outputs/audio-factory-20260730/aaa-batch-001/generated/sfx/ui/party-ready-v001.mp3","outputs/audio-factory-20260730/aaa-batch-001/mastered/sfx/party-ready-v001.mp3","0.6","false","7","PASS (candidate-only)","","P1","pending","pending","pending","pending","candidate-only","",""
"aaa.batch001.sfx.ui.error.v001","aaa-batch-001","ui","sound_effect","outputs/audio-factory-20260730/aaa-batch-001/generated/sfx/ui/error-v001.mp3","outputs/audio-factory-20260730/aaa-batch-001/mastered/sfx/error-v001.mp3","0.55","false","6","PASS (candidate-only)","","P1","pending","pending","pending","pending","candidate-only","",""
"aaa.batch001.sfx.objective.unlock.v001","aaa-batch-001","objective","sound_effect","outputs/audio-factory-20260730/aaa-batch-001/generated/sfx/objective/unlock-v001.mp3","outputs/audio-factory-20260730/aaa-batch-001/mastered/sfx/unlock-v001.mp3","0.9","false","10","PASS (candidate-only)","","P1","pending","pending","pending","pending","candidate-only","",""
"aaa.batch001.sfx.objective.capture-start.v001","aaa-batch-001","objective","sound_effect","outputs/audio-factory-20260730/aaa-batch-001/generated/sfx/objective/capture-start-v001.mp3","outputs/audio-factory-20260730/aaa-batch-001/mastered/sfx/capture-start-v001.mp3","1","false","11","PASS (candidate-only)","","P1","pending","pending","pending","pending","candidate-only","",""
"aaa.batch001.sfx.objective.capture-tick.v001","aaa-batch-001","objective","sound_effect","outputs/audio-factory-20260730/aaa-batch-001/generated/sfx/objective/capture-tick-v001.mp3","outputs/audio-factory-20260730/aaa-batch-001/mastered/sfx/capture-tick-v001.mp3","0.55","false","6","PASS (candidate-only)","","P1","pending","pending","pending","pending","candidate-only","",""
"aaa.batch001.sfx.objective.contested.v001","aaa-batch-001","objective","sound_effect","outputs/audio-factory-20260730/aaa-batch-001/generated/sfx/objective/contested-v001.mp3","outputs/audio-factory-20260730/aaa-batch-001/mastered/sfx/contested-v001.mp3","1","false","11","PASS (candidate-only)","","P1","pending","pending","pending","pending","candidate-only","",""
"aaa.batch001.sfx.objective.lead-change.v001","aaa-batch-001","objective","sound_effect","outputs/audio-factory-20260730/aaa-batch-001/generated/sfx/objective/lead-change-v001.mp3","outputs/audio-factory-20260730/aaa-batch-001/mastered/sfx/lead-change-v001.mp3","0.9","false","10","PASS (candidate-only)","","P1","pending","pending","pending","pending","candidate-only","",""
"aaa.batch001.sfx.objective.transition.v001","aaa-batch-001","objective","sound_effect","outputs/audio-factory-20260730/aaa-batch-001/generated/sfx/objective/transition-v001.mp3","outputs/audio-factory-20260730/aaa-batch-001/mastered/sfx/transition-v001.mp3","0.9","false","10","PASS (candidate-only)","","P1","pending","pending","pending","pending","candidate-only","",""
"aaa.batch001.sfx.objective.secured.v001","aaa-batch-001","objective","sound_effect","outputs/audio-factory-20260730/aaa-batch-001/generated/sfx/objective/secured-v001.mp3","outputs/audio-factory-20260730/aaa-batch-001/mastered/sfx/secured-v001.mp3","1","false","11","PASS (candidate-only)","","P1","pending","pending","pending","pending","candidate-only","",""
"aaa.batch001.sfx.objective.round-end.v001","aaa-batch-001","objective","sound_effect","outputs/audio-factory-20260730/aaa-batch-001/generated/sfx/objective/round-end-v001.mp3","outputs/audio-factory-20260730/aaa-batch-001/mastered/sfx/round-end-v001.mp3","1.2","false","13","PASS (candidate-only)","","P1","pending","pending","pending","pending","candidate-only","",""
"aaa.batch001.sfx.movement.stone-step-heavy.v001","aaa-batch-001","movement","sound_effect","outputs/audio-factory-20260730/aaa-batch-001/generated/sfx/movement/stone-step-heavy-v001.mp3","outputs/audio-factory-20260730/aaa-batch-001/mastered/sfx/stone-step-heavy-v001.mp3","0.5","false","6","PASS (candidate-only)","","P2","pending","pending","pending","pending","candidate-only","",""
"aaa.batch001.sfx.movement.wood-step.v001","aaa-batch-001","movement","sound_effect","outputs/audio-factory-20260730/aaa-batch-001/generated/sfx/movement/wood-step-v001.mp3","outputs/audio-factory-20260730/aaa-batch-001/mastered/sfx/wood-step-v001.mp3","0.5","false","6","PASS (candidate-only)","","P2","pending","pending","pending","pending","candidate-only","",""
"aaa.batch001.sfx.movement.bronze-step.v001","aaa-batch-001","movement","sound_effect","outputs/audio-factory-20260730/aaa-batch-001/generated/sfx/movement/bronze-step-v001.mp3","outputs/audio-factory-20260730/aaa-batch-001/mastered/sfx/bronze-step-v001.mp3","0.5","false","6","PASS (candidate-only)","","P2","pending","pending","pending","pending","candidate-only","",""
"aaa.batch001.sfx.movement.tile-step.v001","aaa-batch-001","movement","sound_effect","outputs/audio-factory-20260730/aaa-batch-001/generated/sfx/movement/tile-step-v001.mp3","outputs/audio-factory-20260730/aaa-batch-001/mastered/sfx/tile-step-v001.mp3","0.5","false","6","PASS (candidate-only)","","P2","pending","pending","pending","pending","candidate-only","",""
"aaa.batch001.sfx.movement.shallow-water-step.v001","aaa-batch-001","movement","sound_effect","outputs/audio-factory-20260730/aaa-batch-001/generated/sfx/movement/shallow-water-step-v001.mp3","outputs/audio-factory-20260730/aaa-batch-001/mastered/sfx/shallow-water-step-v001.mp3","0.55","false","6","PASS (candidate-only)","","P2","pending","pending","pending","pending","candidate-only","",""
"aaa.batch001.sfx.movement.jump.v001","aaa-batch-001","movement","sound_effect","outputs/audio-factory-20260730/aaa-batch-001/generated/sfx/movement/jump-v001.mp3","outputs/audio-factory-20260730/aaa-batch-001/mastered/sfx/jump-v001.mp3","0.5","false","6","PASS (candidate-only)","","P2","pending","pending","pending","pending","candidate-only","",""
"aaa.batch001.sfx.movement.land.v001","aaa-batch-001","movement","sound_effect","outputs/audio-factory-20260730/aaa-batch-001/generated/sfx/movement/land-v001.mp3","outputs/audio-factory-20260730/aaa-batch-001/mastered/sfx/land-v001.mp3","0.6","false","7","PASS (candidate-only)","","P2","pending","pending","pending","pending","candidate-only","",""
"aaa.batch001.sfx.movement.slide-stop.v001","aaa-batch-001","movement","sound_effect","outputs/audio-factory-20260730/aaa-batch-001/generated/sfx/movement/slide-stop-v001.mp3","outputs/audio-factory-20260730/aaa-batch-001/mastered/sfx/slide-stop-v001.mp3","0.65","false","7","PASS (candidate-only)","","P2","pending","pending","pending","pending","candidate-only","",""
